Content ID,Category,Score
004e820e-49c3-4ba2-9d02-62db0065410c,tennis,60
00d0cdf9-5919-4102-bf84-ebde253c3cd2,healthy eating,2013
01396602-c759-4a17-90f0-8f9b3ca11b30,tennis,1303
019b61f4-926c-438e-adaf-6119c5eab752,fitness,454
01ab84dd-6364-4236-abbb-3f237db77180,food,15
01aff5ec-2aa8-412e-99ec-526f0f9a6d5e,fitness,1942
02664d35-87cf-46a6-a80b-78fbc9ac8b2f,science,1346
026973ef-4b73-4901-9160-bc9e04516057,culture,1601
0289b7bc-bc95-4f1d-83fe-9ca662194158,tennis,1159
02ba5af1-784a-44cc-ae3a-14833c4a2237,healthy eating,2129
02c9f76b-f9cc-48c5-aedf-73f37c637a71,veganism,540
02fa1c4f-722d-46d2-a85e-e5b136b5f3bc,cooking,972
02fca291-d239-4303-8725-1c114be2f32a,dogs,32
03344240-df23-421d-b0e3-4fac72fe6cd8,fitness,1163
037189e3-18c0-4f6c-a8cc-d6b86d679891,food,167
03750ad9-8d8e-4f8c-aec6-8766c9a0184f,tennis,259
03e51c25-cba9-471b-b627-f15550b83fca,veganism,1680
03ed0e2b-bd63-4079-8910-62c187526ca0,healthy eating,1944
0411a1da-97e1-44b6-945d-06b4682ba802,technology,1519
041bf6c9-8b33-4ca0-a787-762eb8837d0c,Food,1963
0491183b-be25-4108-b667-8c30d3cdbf50,veganism,342
049c926f-9095-4bb2-a464-666a68257f61,dogs,1721
04e1996d-ccb3-4b19-923a-8dc2a52e4bd4,education,646
05776481-7b58-46d8-abf6-bf4de7831287,travel,1131
05805658-8744-4cc4-825d-cbfed0ecea7c,technology,847
062cbf2f-fc22-4357-8890-63e7f13fcd37,education,903
0646f8f9-e558-4893-bb28-2228eb0c9323,fitness,220
06a70268-f59a-44b4-8ccc-6c8e6625a491,tennis,312
0701343b-6105-40e4-b275-7f3d292b9e20,tennis,1259
072fb6c2-1505-408a-a35d-f0c4ffaf2696,fitness,205
07f88a73-aef2-45fd-8b5d-418e448b853d,Animals,397
088e2e43-61a8-475f-a3e6-061f626b0f16,veganism,1584
08cc29f3-a22d-4652-8f27-ff9e0a826289,technology,775
09bb0893-a05b-49bc-95ec-1e158577bf13,healthy eating,1388
09f2e925-5086-42ad-8160-e763396a36ca,dogs,1285
09f5578e-6cf1-4e80-b102-7aae7b9d5d67,studying,471
0a390a93-0e59-4a7a-a12c-d3f5ce4924fe,public speaking,1896
0ac85d23-c8ba-49ed-bec1-493b960a88c0,science,1662
0adb9a94-210a-4e84-bca1-13db9452ff0e,healthy eating,1079
0be329af-19d6-4a34-8bc1-f4391e9877dd,dogs,135
0be59876-d70c-486c-8e0b-a06bef7a2cd6,tennis,1748
0bedca96-fb76-4287-a83c-17330ed39cce,soccer,621
0c042b6c-725e-4591-a666-cf32c5ec7cc8,public speaking,554
0c2bd955-f00f-4c2f-8999-7cc0ada4b3e7,animals,927
0c6e8e2a-7692-4490-b545-f76b0d06697a,animals,1375
0c91753a-0bb4-4b77-a919-96c2f998ad91,fitness,1734
0ce7392d-5c20-4ffa-a42f-767f51e9b466,travel,1088
0d3d0a35-f806-4536-8733-abf1f92763e2,studying,1323
0d5eb9fd-879d-4716-aebc-840f7b1b7e9f,dogs,765
0da2523f-acc4-4687-9844-45eaa5e90c65,technology,1129
0e2169f4-b881-42d0-b99c-034b32f83504,food,1842
0f1cb5c0-ac2a-4c8a-9fb9-115d60493247,veganism,1482
0f254679-b92b-4a2c-84b0-ba6f84f59a33,veganism,310
0fbdd670-a266-4805-9bbc-c5ad73cf97b3,technology,1049
1000371f-7758-4c44-a1bc-41fd836b0bcb,studying,792
10683ab8-914b-43ae-ad2d-b2fd6a48dc33,soccer,1649
1089b539-bbb6-4ef7-ba3e-a15af2bc5f42,food,132
10baeb43-5bb2-49df-9644-f91a3c77725a,food,702
10df3489-3d58-4929-977c-d3e7e177f5fd,studying,187
1157961e-120e-4b2d-8fb2-705433ed9918,veganism,622
116451da-4b67-4bcb-b43b-b19a914e0d36,food,1420
11b96207-c1c5-4083-948d-2942684aae0d,studying,1555
1287b5c5-604b-462b-bf77-e64a8e89739e,studying,1761
12a7140a-6fe7-41e2-b2b4-75d913fcca1e,studying,1483
12b89b4e-6770-489a-b7c3-812de3d61f20,education,80
12c49449-a896-48cb-a33b-47e8952f23a7,fitness,342
13a4d35c-761c-47a3-b25b-5cc5825d04f2,travel,652
140a5163-66d8-4a11-8d4e-a670483bb852,science,1592
1413f582-4261-4037-93bd-7356b0e9e017,veganism,35
1429467d-e8a2-4292-bd46-921e8bd87b30,public speaking,962
145ed259-6151-4021-bc13-a0b5482e5bd8,technology,608
14ebfb59-8d36-4857-b8e2-b6d2fb3b243d,studying,1041
14ed7f7b-2c96-4458-8a39-606c25c14180,tennis,215
1517abf6-67ed-47e1-9b9b-7e79a23a4d22,education,892
15dc9c91-11a7-45d6-ba68-107e6d4dcf7b,travel,455
15e13281-8bd0-4f40-a0fa-44749cf32378,dogs,335
16757b80-2803-4464-b5d7-e372d8d77337,technology,5
16f8b629-5173-420f-9c8b-577313e9e128,healthy eating,1361
16fb5dcb-4349-4831-acf2-8c116ad7dae5,technology,735
1735c0ee-4834-4428-8e6c-014e8fd44bc5,technology,1269
178f85a7-c2d1-4127-94d2-30adf96ae7fd,science,1152
17e3a8c5-ecb6-445d-8b69-f8c202d08549,cooking,1875
1830df30-c239-4287-8d63-fadcb8ced884,veganism,432
18a07663-ba3c-4ff9-94d3-bd533aa853c2,veganism,1228
18b4da8a-5f22-4dbe-b2af-c9013581cdd9,studying,1651
18cb1ce7-fb66-4a56-8042-e38c9593ade1,animals,1813
19179d57-4950-4a98-87fa-98f824551a6f,education,1837
1934a201-0590-41af-bf40-5ddd6254d744,education,1344
194f1ad7-43bf-4cdd-a01b-e6947df47403,tennis,75
197dafda-42bd-4a0c-93b1-2ec8bb0214f6,travel,555
1987b43d-bcb9-4ab0-8634-ef3623928e94,education,1665
19f998c4-270b-489d-bea6-ae161d301923,travel,1158
1a5b511a-7199-4f05-988a-1f1d0380ca11,travel,1618
1a69604e-95a0-4b91-8051-f3730b7e009b,fitness,670
1b6f05f1-df9e-4ad4-989e-029baf20478f,fitness,1744
1b7d1f70-21dd-483b-b395-e15f4c2368f1,animals,682
1bbdebad-2218-46fd-8afc-ddd9b4d56d97,veganism,422
1bbfe52f-37e2-4874-8422-161a60b331e1,culture,1548
1beeffff-f261-435f-a109-6fafe46669d4,public speaking,1409
1c6be4a3-85ae-48da-81ff-44262690af51,education,1305
1c77e474-0cc6-40ac-b48b-cbc511bffc77,healthy eating,1738
1cd59d79-a2ca-4a99-92aa-2775117c4589,science,1261
1d8fbfdc-3c0f-4fbf-ac50-f812ce9db36e,food,1050
1dbed432-50e6-4955-9ac8-798fb60b2f0e,science,1469
1de2f0f9-61ab-43fb-9180-6870824c63c0,science,624
1dec5263-8a54-43fb-bfbe-a388d2919e74,food,1197
1e1a8878-0435-4171-97e6-fddb4abc3452,healthy eating,522
1e773c55-ec7e-47f2-916d-98d0b778a048,food,1540
1f0ed2b8-8531-416f-b694-a40a63f378a0,animals,1246
1f466010-5c87-4b81-be83-5856481231fb,soccer,1553
2019333d-2b9c-4a22-904c-d1f1aa9c68bb,food,1324
2073855c-fab2-41ee-ad15-d4269b2ac4bd,education,362
212b7926-c743-45d9-85f2-63e0e8f85208,dogs,305
217f4060-b378-4d79-992f-20502d407f7c,cooking,1373
218838d8-52f4-4608-a1ba-d8988cc3d029,food,1177
21bc3be6-6bd1-4926-8bee-c4585873851b,soccer,1293
21bc508c-dd96-4fb1-b8a1-a92bef9fa666,animals,969
21dfb75d-9d98-4627-b074-f4372025d23f,culture,1414
220d9dc1-f8a5-422d-b200-3819f3b89b2b,dogs,1636
2240bbde-db67-4d73-b885-f0117b4b2080,food,1183
227a8c57-e5a0-46a8-999d-fcdea42c0905,education,812
2297a93f-370d-47e7-8df3-3d464b3a0c0a,healthy eating,506
229d5bad-c1e4-439c-8978-0efdcdfea4d1,food,1552
22cdf77b-00c8-41c3-ad59-333c3e751e2c,fitness,1214
230c4e4d-70c3-461d-b42c-ec09396efb3f,healthy eating,1307
235a0022-a683-4381-8e9e-aaf75fe90734,fitness,1059
2363df47-ee8b-433d-bbfc-34d5ac57e2aa,travel,986
2387f014-e650-4df6-8daf-a9d863c10c7e,food,502
23a1f257-2f17-4e67-aec1-626c77d73216,studying,715
24231380-c9a7-4b07-bd51-c9bd5c49cb7c,cooking,736
24f994fa-51d4-4e5e-bdac-79de67e7afbb,food,1805
25290b06-ca05-43eb-8e54-e345a41ddba7,education,1730
258bb775-3c35-4eec-90f3-8b75a52e466a,education,1944
25934ec0-56f1-4fe1-9bf4-d46b1dbb42ad,veganism,1905
25948d39-4549-4ead-be71-6a571bd56fe1,science,947
259cd56f-b017-4a41-81a7-f26ce9b35092,culture,695
25c36533-1de5-4d82-879b-86180503cf8d,travel,539
25c8f882-464d-4465-9ed2-e7f7706c1775,healthy eating,647
2664a681-e732-422f-b529-02fabb6ec9ab,healthy eating,974
2669dbfc-65d4-4770-a916-e6507f881131,science,1166
2677e7fa-4c0e-44c5-9d4c-66615a42e86f,dogs,147
26a2a058-3806-42ef-b1e4-24c6b64f9bdb,healthy eating,1260
26c02731-b5d8-4ad3-99a2-5e589e107937,studying,972
26ea4466-0d88-482a-afab-e502beb4a316,Fitness,1119
27026304-2cb5-4d64-9959-9ff0328aaa03,dogs,520
273cb565-8c43-428e-bd2b-46ae0c2ae046,animals,499
2771fa81-b26c-4e11-86ac-90e85faf4981,dogs,528
279fdb2b-e9ca-4531-b55f-c8fe294083cd,Healthy Eating,272
27e2cea3-b408-4e66-801b-29fdf7c03b05,travel,1452
27ec2b21-a749-4181-b182-150a174fc277,animals,2018
27fffa3e-000d-4f29-9358-5b0d2280d18c,dogs,780
281054fd-2b89-4191-92ae-98e1bc0ed51b,fitness,782
286e2f5f-082a-4ce7-9396-db565106d5bf,studying,0
2893a837-3157-4bbd-918f-adc93b60480a,healthy eating,210
28b8c278-a125-4295-98dd-5f8d45c3200b,tennis,455
28fbf4cf-c354-418c-8672-b7f2fee75b00,culture,417
28fc1e6d-eae9-47de-af11-11ad726b2a88,cooking,620
292051b5-b835-4a60-962a-bddf10da82bd,technology,2273
2920dccb-e06f-49fc-8049-b6d4164dfe84,veganism,1549
295ff9f6-64f3-4704-9272-4a932f11d709,travel,1081
29d7781c-9302-4269-91f3-c23afb33467a,public speaking,898
2b6921de-e7f2-4e30-8feb-36bd41becaf0,travel,789
2b7f2d2b-2a0b-4d33-ada9-ee9629742dff,healthy eating,1109
2c043e74-63e2-472b-a31a-6ea060febfc1,Education,152
2c0e1f1e-1af8-45b6-b8f2-9714358dd2ad,Travel,586
2c511a63-5eb5-422f-8483-c9fcf9a29b55,technology,887
2c5a6a94-7291-409b-ba32-ba34c5ad7c0e,fitness,1635
2c9b8ec2-7eb1-47fd-891d-a5b23c019839,culture,1572
2cbbdbf6-b34e-4fbb-bdc6-904e61f91ce7,animals,1243
2ceee25a-8461-4409-ab41-7a72d97d722d,animals,1348
2d0926be-9a29-4e6c-b342-815c70172214,animals,534
2d10f5b0-c590-429f-8b68-52c239617d26,technology,1827
2d7084fb-b457-4813-829f-73911025eeaa,cooking,1716
2d949603-6676-4402-900b-2c2c78315ea0,culture,145
2dcf2359-f366-46a4-8ac0-14229d056bb3,studying,125
2e32de07-dc79-4cdc-bf1d-bac90ba3fd85,studying,500
2e84726a-e69f-44e8-ac0f-c4a31516e342,dogs,416
2e866dc0-7c14-4e2a-9edb-9ccc1d1bd048,culture,699
2ea5611f-f6e0-4696-9153-cda8d2b9a2a3,technology,980
2eb32cf2-da20-4b27-b4b6-c91716f528a5,veganism,1665
2eb7feec-26a4-4949-8470-3e66c16536e9,tennis,519
2f246c65-25f0-4144-b3f1-a180865b1766,technology,395
2f5dd79a-8884-4086-ab6f-00b3bea9d366,cooking,1289
301cfd14-3e4f-4058-b253-c591ef150888,veganism,435
3091e63e-1355-4eb6-9fa7-5c6e75f1d3b8,culture,799
30c8a141-2c2e-4272-8854-ff5673509652,culture,568
31cbcaf1-75f9-4541-abd6-15723478047b,dogs,42
31d142d9-4557-4613-bce5-cfe63cd0a3cf,soccer,2164
31f3802a-fe3d-441c-8732-102bd39f6db5,science,160
3210c7c6-e7a2-4ae3-b69b-a111b359c56d,veganism,357
323c35ed-081f-4efd-8bd6-ce5208ceb0ed,animals,1240
327dd631-2d6b-4acb-b0a7-804cda5009b2,cooking,252
331fad49-0e33-4676-8e2d-51ec52e86625,education,404
33696f53-ab7b-4f3e-b3a4-e0e82990339c,fitness,330
34123572-64b7-4f3d-b098-a2651d882fb2,dogs,1169
343362dd-20e1-4b98-ad23-e3d8d497f98e,travel,451
34a3747a-0b77-42f6-ae19-87c38b94b674,science,1881
34cb120b-853b-4788-8978-a3544449136b,food,729
34cd13f5-5fa9-45fe-ad8e-0135b67b558d,tennis,389
34f73132-fff6-4f01-a5ec-4b4b66461fc7,fitness,1682
350e0d40-e036-459c-9cbe-73e003c33cfa,technology,1546
3529c44b-d0f4-4bd2-b6eb-be97d2f7623f,studying,1370
35489ad9-c3b5-4fcd-a6c0-9f2c667c55a8,studying,928
356fff80-da4d-4785-9f43-bc1261031dc6,technology,242
359b93ea-446f-4202-8801-db238de5de4d,food,1716
360df5a1-8118-4972-a5d0-27033dba1f1c,fitness,442
362bdbf7-5b75-4ae5-8f37-79ef06b6e8e8,technology,620
36bd1711-92f6-4240-8ac5-21df845abe86,technology,1462
36d36f19-7a10-4d7d-a3ab-a3f2cbbfcf4a,food,1646
3724de8a-ec2f-4021-a3f1-605d551da9d0,culture,1839
37331f8d-4fc5-42f6-a367-e59ccde67c45,soccer,579
37c5a8aa-d239-4b94-ae68-2754825d36ff,Public Speaking,1336
37ff78d3-d31c-4bde-95c6-83390749a367,fitness,225
388bd9db-9d10-4f47-87c4-6db46e83bc95,education,847
3896723f-560c-4008-9635-e3ecf1e2b37c,cooking,224
38a50d44-5a3d-41c1-bf46-58638def9442,fitness,287
391a9aa4-c04a-431e-8366-712d92267c2b,public speaking,1959
3926740f-e4f7-4229-9aad-e435149d0d2f,science,689
3a106d1f-3942-49d4-9358-417f33d760c6,Fitness,1099
3a7b85dd-717e-4460-8144-498fdbc9380c,education,1229
3a7f83a0-b9f9-44c1-a15d-656c4095e732,soccer,140
3ac5929e-9d68-4ec5-ba6f-a018d3d4da41,tennis,135
3af75639-bdaf-4461-b630-d212e7fb4f30,education,1396
3b436c19-72fe-429a-80dd-88d24ef549d1,soccer,414
3b448410-dd36-4e79-bf4a-ba07814b308e,travel,95
3c092e34-bac9-4e63-a7fa-0608fb73914f,soccer,515
3c510b35-43e2-4e84-a805-86c5ebddc4cf,studying,692
3c6354b3-7e8a-4d8c-bb80-33f17c17bd32,cooking,1697
3ca5a22f-aebc-4421-a960-d787d732f1ec,healthy eating,1025
3ce1063a-2277-4285-97b0-9bd53a941cd7,travel,916
3cec7ac2-f9b6-4e4c-b392-63c59c3621f2,healthy eating,1623
3d02ae44-c8f2-4d2d-a64c-9355a4f46430,fitness,382
3d8fffab-6107-4d7b-9485-c610e233c91c,studying,1289
3dc03a86-f481-42fa-bf43-a7bcf3b6572e,fitness,827
3dfdcf9c-aaa4-41ea-9a7c-b3ba09103467,fitness,367
3e64dfe3-e832-4352-a170-9806f64ac507,healthy eating,678
3ea56656-03ef-4199-b253-b5241ee21eb7,veganism,282
3f6b1a9d-db78-4d9a-a495-9de7bd9bbe5b,tennis,1796
3f8590c7-6ab2-4973-805a-90cdec355f05,dogs,1583
3fc1f583-ce7e-4cfe-b891-d16976953fda,science,1310
3fe1e6e6-6d1d-43f5-9c25-7d0a1c14744d,soccer,262
40727608-362e-4e10-970f-2b5a5f8c37c1,science,1054
409aa11d-5af3-4a70-9da1-482857f5835e,Fitness,1401
410c757b-918f-4c71-892b-2e6e7697bd86,Travel,506
413101f7-ea05-4df6-97cf-9891245c5ed7,science,509
41bc0418-db4b-48b4-ada6-18eda999cd25,travel,921
41c97dd6-3f0d-4a6c-9083-2163e8e08e19,public speaking,1211
41e6d775-b5ca-4d6c-8f50-66ac3c92a300,veganism,889
429632b9-88c0-4163-a7ed-4272a04f7838,Animals,1120
42a0f482-d3a8-4216-ba0b-1459abf854a6,culture,1166
42afb980-6f27-40d3-962e-bff8eada090f,culture,1242
42d062ec-2107-4fbe-9a77-2e00c67a7d63,culture,95
4304a382-1527-4e7d-af7b-691d976f9ad4,tennis,1099
431c5aac-aa89-41e0-99e0-92d237ca9408,technology,302
433607b3-eeb4-48b8-9263-9805c1b89d55,education,1085
43450a12-1e4c-4a17-a846-9d8768984051,animals,809
435007a5-6261-4d8b-b0a4-55fdc189754b,veganism,1870
436536b2-6d05-4e20-af6e-cade48b4bcf9,cooking,637
437fab54-2c89-4b0b-8d89-dd2320d83e81,tennis,264
43830153-4c89-4502-a7f7-bedbc08cf903,fitness,197
43da458b-66fe-4723-996c-57dcfad67edf,food,1876
43e53b12-71cb-4aad-9cb7-8c3572053230,fitness,1593
43ea5509-7ff1-4150-b263-d5eac9d6f69f,dogs,995
4426d1ae-cb98-45cf-8d1d-c176ef755293,science,1469
445a06c1-3dea-4129-90eb-2384c0534eb6,technology,1490
4478d98e-43e8-4dc0-884d-c1115aa8b970,animals,457
447954af-c2c0-4546-881c-3ba1cb104209,tennis,1251
44eab5ca-b4a4-46c4-977d-197a78551861,technology,992
451b228b-9d66-45a4-b6fa-46c502562b5f,healthy eating,1847
45630f5a-78c1-46a1-bdc7-79cd11bb3c13,travel,341
457301ee-3e87-40d8-8b82-ea4e1fa90e39,healthy eating,1905
45752c15-a54c-4b0d-8fe3-f39c40f6c8d9,Education,1243
457d54ed-e0bf-4574-80e3-561c1bbc4d3e,science,569
45d2d284-1830-45a3-8c9d-95f8bdec3202,studying,280
45dbce0a-dbd8-4c4d-a492-4f5b84850d5c,dogs,1088
461cb0ce-0b43-4f13-a8bd-847fc6428c6c,fitness,1289
46219a74-c2db-4479-a96a-d3ee54d1ea7f,soccer,756
46bd9a52-6547-457f-87fa-0e434e5bc61c,fitness,1777
46c69019-89b5-4a13-9b8a-2942ca22837f,science,1213
46ebc5f2-bfe8-4ada-aed3-6265842bd1f3,food,690
475541da-3402-4d0e-9df5-0da198f8fc9c,culture,1266
476e3ce0-3291-4c77-b3a3-deabee114efc,healthy eating,1222
4789b064-7b3c-4339-bf15-b9e38222930c,education,566
4898f7e1-1431-4e9c-a444-dbea02d58f85,food,310
48a824bf-e495-4333-8acf-c800947ec2cd,soccer,1316
48fd48c7-bc82-414e-8941-aa2090183aec,dogs,5
49367a0f-1fd5-4417-a7c9-4a154e1ae0ad,technology,711
496645a7-64f7-4c56-94f5-a71671cb262e,dogs,2019
497da46d-d5d5-45b0-827a-f2b75d7bf4c2,culture,948
4ad4b955-c65a-467d-aa27-1ca804d05170,culture,132
4ae90f6e-da63-4ce2-a357-a4b36c739b80,travel,768
4b00c81e-66dd-45bd-9fb5-a9d2b37b62bf,Animals,970
4b10b6a2-d8ad-4f48-835a-e0ec47e7e72c,education,1247
4b1c315b-84a8-400a-bb49-9fec7dc767d5,fitness,999
4b2d0fff-3b4f-43ca-a7df-c430479cb9ba,soccer,2052
4b582733-141e-488f-8d02-3c4b149815a5,fitness,355
4b6d1c04-e75d-4e96-b5f7-f49c4af8d89b,veganism,855
4bdd31e0-2f59-4262-bcbe-546678a3d203,healthy eating,1620
4bfc9824-aaeb-4695-8195-945686795b30,public speaking,2122
4c009116-c94a-4633-83fb-956565358565,soccer,1734
4c1ae4ba-078a-4720-aff0-817c7d549387,cooking,708
4c598198-bd8b-4b86-8440-b8ecba62abe7,technology,1689
4ce7258e-3777-42b4-af6a-dd8898c42cfd,travel,260
4d510edc-7c08-4524-a14d-f36f3b710020,fitness,356
4dca44b9-e65c-4d9d-93eb-6a24ec8950e9,animals,1912
4dd4da35-453e-466d-95ca-b1a7710fac1f,technology,2223
4df372b3-ed9d-41ef-b33d-b576ec383dfc,dogs,1535
4e4c9690-c013-4ee7-9e66-943d8cbd27b7,culture,1716
4e659bd8-44b6-41a3-893c-c528474a29c9,education,1040
4e7535a7-4547-4da5-952e-607442ebed79,dogs,1483
4f215b36-f5c4-4294-81f2-80e4906b197d,soccer,1567
4fa14453-7b29-4302-b51f-9aa23b472c1b,animals,909
4fd0ef9a-008d-4b61-9a78-4b0257281140,technology,1183
501b2f88-999b-4ad9-b2f5-4b9c36a31259,cooking,1509
503bd384-9733-4739-81f5-561b2328f6d8,food,1917
509a5fb0-9bb2-4809-9f90-18ae007acc94,dogs,1183
50c0f441-fde5-48bd-ba40-46f23b8cf862,culture,305
50c9237a-541c-4f10-a2be-7cbe076b2012,travel,1384
5118e9c5-1377-4cc5-a486-65b35b7b7b76,science,1046
51577f6a-e29e-4ed2-93eb-e7bd4eda800a,dogs,1084
5163acf9-9bde-4f09-81e2-d8711e774360,healthy eating,640
51a26a10-6973-4882-aa88-98b53978ce01,veganism,1742
51a9bf9c-2c90-487b-ad37-9db7f18c36e7,travel,728
520450a4-c852-4a4e-9383-30657dd07533,public speaking,853
52995b7c-6f2d-469c-a331-596323e6ad67,science,397
52be2c2f-be1f-4cda-a2d6-5c147c018115,food,942
5403a041-447d-42c1-a9f2-3c525449b3b8,public speaking,1350
5444a751-c58b-456a-9fc9-1e4f292f2920,cooking,1680
54acd843-1e09-4b30-a80a-b9e0295ff269,tennis,1405
54e29395-9eba-4945-abee-cad58cbab090,Science,1509
55d5d3f9-566c-4fcc-b24e-02ca826cce58,science,1291
55f46794-426f-441b-bb60-53b5e6beebc5,food,1038
5651450a-d330-46e6-bac9-c7c7e7defaf2,animals,1694
5656bfe4-bcc1-4426-94b6-1f9dfe9a0db4,travel,115
567ddaca-f9aa-4e53-b9b7-b745a1ac0c95,culture,240
56a3156c-41e0-4b35-8e6d-947961b3af5b,fitness,847
56b0b1ab-a07c-4379-b699-80ccc8689c85,culture,1905
56d13215-1444-49b0-8e17-3a888bcd4e1e,fitness,646
56df8914-9d42-434d-9612-6bb518dd641e,fitness,1076
57528f91-7b0d-4120-acaf-82ee87f6df7d,education,1142
57a8bb62-a264-42d4-a1b0-6e4c0f859a5e,cooking,1126
57d8470d-e644-4fe3-b56e-33f1c626e8ea,cooking,270
58059956-4cde-4671-9baf-904851731540,education,426
581634a6-14c7-4c0a-8c7f-34238e58cf6a,veganism,1438
584211e8-3ca9-41a7-aeea-1d308bda53fd,studying,1533
585c17a5-df96-4a6d-b144-a499e0469546,healthy eating,1629
58b0f92a-76ae-4521-a223-2b117f4f4e70,dogs,741
58e8f463-aee3-46bb-81bb-a49ed8de8b04,technology,396
590873fc-e921-4396-a173-a43451675afc,studying,1032
5911afa4-2af5-4e7e-b6e3-e3b985597aa9,dogs,1021
595037a5-5e9a-42f6-8f50-a55827dc41ac,animals,454
59523d44-6113-46a5-a85b-38de2ce7bfa1,travel,355
596a3ffe-1e2a-4999-bf8d-c8f4a8974343,animals,1606
59bb59ce-776b-4d28-85ee-c0d71c690b6a,animals,1579
59f7eb93-7ffc-4627-98a6-9ecaa5e35206,cooking,539
5a0b2edf-78dc-4c4f-ada9-464523b52f12,Fitness,365
5a5bf39d-1bfd-43f9-b304-ea8fbaaa3528,studying,1126
5ac2552c-15a5-41ed-8d67-9c57bce74ebc,travel,1364
5b379d75-649b-426f-b420-4e0b6e4a0e3d,soccer,1517
5b71c62f-2c89-4d19-991f-65fedd0b52fd,education,1372
5bb364a6-8646-4cdb-b1cf-09f4125718d8,soccer,1914
5bf45fd3-6b4b-400c-a126-31b8576e1d70,tennis,497
5c38166c-8305-4227-ad54-bad36df2a57a,Fitness,1504
5c7fa152-9628-471d-b715-84e15c4b5d38,tennis,527
5d3d5107-2404-4fb8-a9b6-3c8428492f64,studying,1248
5d8dbd6f-cc78-4f7a-a65c-cd9dde481dd0,healthy eating,1304
5dc325aa-d5d1-4552-9997-cd25b7608be9,healthy eating,1443
5e813176-850f-4791-a750-4961429c2458,soccer,344
5ecad91d-3e8f-4a9e-9473-c3db5f2ab72f,public speaking,1448
5ecd7f9d-4184-4836-b1c5-f03e131ba0a7,science,1365
5efb3710-c34d-4dc4-84dd-31cd8c5d9c30,animals,696
5f87a730-589d-48fb-ab94-e69274d7b89e,food,434
5fbbdd47-e1ca-4cd4-bb24-dd0eb03f99b0,culture,1445
5fefd228-c550-4023-b767-ec8aa62de850,cooking,1542
60223ac7-2fa4-4bba-8156-1d90b367e21a,public speaking,85
6054518c-4c28-4d65-8ebe-3b4f56108f29,healthy eating,870
6082eb46-c239-40f5-bfcd-fb72b823ee71,healthy eating,87
60872f35-3eb4-4742-b3b0-48f15f11be66,travel,851
60ca0278-5ed6-4669-939b-e6dc2021c07d,technology,1079
6199f5ca-cc02-410d-a408-e034946de162,animals,729
61b45c79-c23b-4bbd-a4fe-0bb3611486c7,tennis,1740
61e6650c-5068-4575-9aee-4217ef3dbdb1,tennis,1379
62681a6c-fe82-4186-ba7d-0805ae5b95ed,Veganism,644
62e3c102-b551-4625-b949-d589babb16d8,soccer,1280
632875ea-56de-4160-a76c-d1b3ae9e566f,public speaking,1203
634a05ab-0751-45fa-a1b4-b4a9b8342f61,travel,402
636e6499-b670-4cd4-a829-2c4c9e07db2a,soccer,407
637f80dd-2d70-4658-ba5f-8d909b050781,studying,60
6380e982-07ac-4d21-bd23-cec0bcfa1ff9,soccer,612
6407f238-511b-4ade-b77b-0f3bc8b2f300,studying,554
64b9d086-2fd4-46d0-a19d-848572029de1,healthy eating,1190
6519b8ec-1253-4f91-8abb-3c5a04eccd2b,animals,1264
65304022-f925-48f0-9dfc-436578f22c77,soccer,1732
6547f69d-891d-4e1c-bd69-fc8735b8fca8,science,1734
65545cfb-59bb-4dc1-a38b-82f268210da2,technology,1561
66af1757-534a-4ef9-a5a5-9d721e7c6c00,healthy eating,901
674507f9-c555-4876-89c7-c06b6db561c0,animals,1271
67766c84-7d8d-46e2-b2e8-8b0f8dc27193,veganism,1980
678dd299-afc6-4e35-890d-38a016cfdeff,public speaking,169
6796d3e9-ee98-47cb-b057-90cfaf6ebcbb,technology,1148
67f2a150-6086-4cbd-8d21-46250ccef5a2,cooking,1489
6912f8e6-86b7-44f6-8aa8-c21c2ed0b53c,food,1773
693b5f91-52b1-4464-916c-91adccbec996,culture,1707
697af362-e84b-4429-b4ea-4123c6ab44ba,science,2231
69ce055c-e0bd-46c5-b856-bf2254d1c490,healthy eating,1677
6a30164f-28c3-4d10-b928-66585a85cbb5,soccer,349
6a39e0b5-b1cd-4edd-bdfb-310e1a3e5910,soccer,1695
6aa06c00-d796-43c3-816d-70f21fe58f80,science,1638
6b09861c-712e-46e6-a2a5-72e4b3878767,studying,1063
6b2db46f-f733-4b56-af09-0ed7bb232ed4,animals,1708
6be333ca-7797-41a5-9a2d-e198037d30ed,food,496
6c8d057d-756a-41dd-afef-bf73adffbdf4,food,1766
6cbac852-fec6-49e2-95db-d62edeb477d0,healthy eating,1486
6ccf94b4-f549-4d17-a1d0-3bf7656bce81,animals,747
6d6cf6a3-4187-44ec-af28-91c99b584bcf,veganism,670
6dbd153c-5b69-4ffb-a869-6285fb0c764d,technology,1231
6dbfb67c-e619-414b-b016-d24da6cbc294,public speaking,150
6ddba21a-cc51-4bbd-b38d-02df5cec5f68,Culture,1627
6e418568-a2b9-4d08-b241-06362c96a7f1,food,701
6e71ed3d-3fba-4bd1-8de7-2798dec6431e,studying,824
6ee96d2e-a110-4e43-ab89-b5577b7b3dab,culture,1272
6ef45d36-cd14-428c-b5cf-ad2f06371c6e,cooking,210
6f48fe2b-7c20-4065-8ae9-7bea61275dc7,Science,424
6fc7f722-0a93-4420-8376-09d6536ecef8,fitness,1425
6fd589e8-53ab-4345-896a-f428a92fcbe6,education,817
70047f87-af62-4674-bf30-a03c9ee9db09,food,1293
7053e0be-7227-4a05-893f-4bbee34f0f1f,science,241
70a9e79f-ca7b-48e1-b521-c1d16cb2e36d,education,1752
70b0202f-cd58-42fe-acd9-7b2f8cf9e7c6,cooking,1459
71246f1e-0b64-4922-a6ae-c86c446837be,healthy eating,659
72167d71-578d-428f-af6d-5a8a92e677af,animals,1358
724b9f31-8bdc-4152-b93f-4d3e457201ef,animals,741
72822fb8-8a40-4cf1-a86a-42140b3bf9f3,travel,1029
7286f9d2-7c83-4c7b-bc01-6f56eb0235de,travel,1841
72878c11-38cc-4442-bc81-7eeef47c531c,animals,858
732e236f-f063-42b6-b5c1-24938385a126,education,461
734c0b94-6729-44ef-af97-90a3a51a466c,travel,1151
73a7ec8f-08e7-41c6-a995-51537ff8772a,technology,1068
73ef953a-5bda-4532-bcd5-85a2cb61b803,studying,1349
73fde78d-7908-4406-8377-747873ecd29a,studying,1465
74622897-59cb-4cf4-8ffe-3a25aeebc234,fitness,145
74718bbf-e5a3-442f-8ca2-4a3428757fc1,dogs,1381
748ab616-8066-4c61-b6af-d7442545d12a,veganism,925
74989207-b147-4a13-89b8-f0d868dfdf4a,science,1899
74c85e37-5017-462e-bee2-2769db7a17c1,healthy eating,1296
754eb96d-65d0-416b-aec4-4ba35836157d,tennis,619
75747dd7-8dad-4f2f-9209-62765223f3af,fitness,1171
75d6b589-7fae-4a6d-b0d0-752845150e56,technology,429
760e026f-8373-4aa4-acb5-03eb102fc733,food,729
763560f8-e3c4-4dec-a40c-411c22d05c7b,food,442
76898916-4024-4c32-909b-dd240879d76a,Animals,1236
77099957-1551-435e-b386-704d8b91a46e,cooking,789
77a3ac9f-7607-411f-a280-5431c71e3943,tennis,1107
77b49477-2f3c-455a-b8f1-09ec2e553174,cooking,1104
77f0131d-a06e-40d6-8f6d-a64c0491d1b5,healthy eating,693
781383dc-f5ff-4d62-87df-c3557f5eced9,technology,364
78461336-26e2-4d0c-ab9a-fefbe419a8dd,dogs,497
78713905-362f-4a87-9671-adab5f1e0e67,dogs,699
78c7c5a7-5de4-469e-8460-49e8e491bde6,public speaking,1531
78d0075f-895c-4a15-a35c-a921e2bb2cea,studying,1879
7913b30d-19fd-4900-8a68-ce141192b3ec,cooking,1398
79818849-98f9-4b6b-9be8-4ed4c1ad59a5,fitness,1872
79dfc9a4-42c0-42a5-abe4-2b5d3b8a05ab,culture,527
79f1b9b4-b21b-4abd-802a-811540cbc845,travel,265
7a79f4e4-3b7d-44dc-bdef-bc990740252c,technology,227
7bb8c7ec-8d65-43e8-a9fb-ac01936b18cc,cooking,1282
7bbce877-eb47-4ad3-9a57-7ec4a0190f1b,travel,1865
7c2e209e-acea-4246-a32d-636e2f2cc2c1,dogs,234
7c47e333-da29-4be9-8156-2e5f75a991e1,dogs,1223
7c4f0389-01a5-4ea8-a643-83414441fe81,tennis,2055
7cace87f-53ff-40c0-99f5-abbc5b8f86d6,cooking,1343
7cb131be-2e2c-4c28-9e88-66cec9d34e4f,technology,285
7cbe1ddf-f81e-4597-be11-420b4dd815dd,technology,857
7d459555-a816-4d20-893c-a002e0a74ce3,healthy eating,710
7dc268e5-b50d-4280-82aa-e08af75a8a0a,science,915
7df08397-b59a-4973-8c62-fc5d4c36c08a,veganism,580
7df4b13f-c41a-4c81-88fb-213a6a96acc5,culture,1739
7dfe344f-172b-4d1d-a9a5-d63e7a097642,culture,50
7e2e14e2-79eb-41d0-8d5f-eba20460f049,dogs,1339
7e9865ec-7455-4b39-89f7-92e2a82d0f12,education,10
7ef17afb-ded2-4675-9800-2cf7fe58e6b1,studying,824
7f5299bf-ae57-4c01-a84c-f0c6bc7a5b5f,animals,2105
7f7d20ca-fedf-48e6-8364-dbb8adeb4223,animals,1001
7f9423ac-89b4-4a9a-9747-76e8dd533e81,education,242
7fe36d94-8867-4719-9c62-60b077cf5973,travel,1874
7ffd0a82-4a0a-4527-a4d6-e251b756bac7,fitness,224
800f467b-53a3-4d20-9342-51fe4fa36ebb,food,230
802a8533-3051-4e2c-ad30-7751ece5d514,food,1158
809b41e3-7a6f-4d80-84bf-f8d7b0e2d0e1,dogs,544
80bf3ac3-e94e-44cf-81ef-345a8326802c,veganism,1551
80d4bec9-6441-41a2-be74-0eec3e5317ef,tennis,1841
80f6df7f-517f-4f0e-b6cb-004d61ad2bc8,animals,1051
811834bf-44bf-47f3-ae30-e305591177d6,animals,32
8123c0ac-30b0-4a20-bebe-864b3a6b9e9a,soccer,1050
81abd65a-3b76-4574-a0a7-db6bf7184ae2,food,1840
81d2e41e-39c2-41da-bea4-a6b46daa3f6f,science,174
8204e4bd-c544-4a18-ac0d-6f5289957cdf,dogs,762
82145a60-013e-4d96-81a5-399af8618158,food,948
8338222c-c31f-40f3-883c-44125f36bae8,education,1177
839d117b-c764-4930-99f2-a6e4d1b47790,cooking,1821
83d08b29-6cdc-436c-89a6-20c3d60f7e73,soccer,1692
841403fd-321b-4118-90b3-cc0075d64047,studying,1177
845fe8d4-bffc-485f-ae96-fd8fe9ea013d,education,570
846b8dcf-d2d2-45e7-816d-7dd62d4fbbe4,culture,845
8477eb49-08fd-44c3-a238-a13ee8cc5be8,food,495
8490c29c-177f-4c21-9d37-d509f9287f30,tennis,1000
84a81261-6334-4ba5-978d-26a45d28a44f,animals,1194
850fe90d-47d6-4eb7-b9c8-810afcb99ce9,tennis,1638
85260ec2-7b35-4266-8071-580a8b4341ca,tennis,147
8526d7cd-bf33-4bf4-aa07-2c25c610cc74,dogs,1258
853e37de-5ba2-447a-a0dd-a1b4407e5ec4,travel,1939
85e013ce-3474-4c9a-a4ea-7b726a29baae,animals,353
86346263-02db-4020-a216-9e54f502f643,travel,1629
8644e163-704a-4a99-a859-5e07fcfe3879,education,1018
86f4e4df-636a-48f5-bb66-03ea4fd00214,veganism,1433
87349e5b-eda4-4ae6-94d7-c42b9c5f03e9,healthy eating,1477
87958932-6baf-4339-b01b-6112d9b180ed,culture,1509
87bf6cd4-f955-418b-aa84-9bfffcb4abeb,healthy eating,939
881d8944-8eeb-4439-b40c-9396a1e31f20,science,80
8838fd48-05c4-4b57-a192-35e9ff67f9b2,soccer,312
8866b759-c55c-4fd3-9753-8a69265c481e,science,742
888660b0-7dd8-4983-858a-101cd03d392b,science,1450
8891433d-d874-4bd5-a8ca-4114a4131b20,tennis,1240
88cbf75c-79f0-42cb-8733-af670f39d6e0,animals,1922
88d65e30-7ca0-4f32-a020-45c4cb3d9632,travel,1919
88e43f42-027e-4256-bab4-2d1c2b6f8f67,education,5
8945e374-9170-4799-b6b0-78fd9d5821a6,studying,472
89cb4504-fccd-40f4-945e-410f74ee4735,animals,1587
89cf06bc-e921-4cfd-bd16-d071757d90a2,animals,1422
89fd8f89-807f-4076-b7e7-84db361e11c1,studying,95
8a5dddcf-dda6-4715-a804-10d98cbf8fdc,education,250
8b08e78c-4798-463a-b868-a0dc9fde777f,public speaking,1191
8b1bfacc-00fd-4f6e-b647-6ecfe2b7ce69,Science,1239
8b51c05c-a8a2-4a6c-b031-165fb7bac840,dogs,952
8bcb980c-6f36-484d-974f-30b3e8fcc251,travel,737
8c3e8682-dec4-4d3b-a4e1-8c146f70d56f,food,626
8cabe738-41cd-47e1-82e2-20972f320fb1,public speaking,627
8caec934-9519-47de-8dd4-b6d65e279661,public speaking,1867
8d32243c-2dd1-4128-bde1-d643207e582c,studying,1528
8d7a1aff-abed-432f-a458-a4ab40324e72,travel,838
8de4028d-9af3-4dc0-a4d6-4d9a56eae3c5,technology,1198
8e0f1d3e-b588-44de-a423-8224eb26aa99,healthy eating,1036
8e3896e3-2f84-4b47-9365-fb562c9ed730,public speaking,1780
8ea001b0-f13b-420f-b0f2-0cc35bdcd152,studying,1614
8ec8db61-8bea-440b-88ee-f1f593eb4a7f,education,974
8ed94c6d-bcb3-460c-aa5f-69199d2495e5,soccer,742
8ef185a2-8910-41f5-a109-95c925ebffa0,public speaking,658
8f12f846-7528-4516-aa7c-f937d868c904,culture,497
8f3cce80-d539-4f83-84f6-901e524c088e,travel,115
8f4cea30-10e7-4806-8c01-d78ef6bcbfa8,tennis,1816
8f640e2f-27bc-46cc-a43a-f750e357fc35,soccer,284
8f82022e-2ba7-4269-ab8f-3b47f87004de,healthy eating,914
8fa19e64-72ab-4cff-bc92-b8a057395043,food,399
8fe92544-5c15-4f77-bc40-c6e4b7d13674,animals,573
90418e93-aa5a-4608-866e-25464b617c9b,science,1154
909cbb46-9789-4e9d-9148-890e5c44a9e2,animals,1464
9108109e-c521-4528-9d90-4c804cbb866d,veganism,1695
915505a1-6d75-4894-8200-0f088c19431b,cooking,674
91f7585b-c756-475b-9f21-877d7c48b579,soccer,457
92c1fcb5-5b56-4780-85cb-0c4858b39b3e,travel,1372
93081b1a-4446-438a-a0d7-fbcedc3c992d,soccer,540
93c0f4f6-8c1e-453e-8df0-3015b1e76376,technology,1582
942c5154-791e-47c0-bfad-264a3d6296eb,animals,1479
9476189c-8342-489e-985c-81de9320f527,soccer,199
9489565a-a899-4693-ad48-369f86b4b862,studying,934
94be0dfb-a23a-4426-9c3c-e4db1fd914b5,public speaking,1445
94f8ffbb-d888-4713-8cdd-ea57466d88b2,science,749
9522ddea-8e07-4a2a-a001-25e4a534b8f6,technology,1539
9531f7f8-d0cc-4e42-9cbb-94d93692653f,soccer,954
954678ba-9ecc-4c0c-93a3-aba0e289cfbf,dogs,1012
95fe7e7c-f327-4a0a-af06-5a88346f8546,science,805
96209724-37a8-475b-b80a-03e96a7c33b1,fitness,1437
962e5969-cd65-4670-a2ae-b0266908426b,studying,1093
964173f3-7019-4758-9ab9-df71585aa965,veganism,1356
964a54b7-7dc7-40b0-bd94-9898b670f9cd,science,646
965a00aa-3037-4ea6-b6be-26f6fbee029e,public speaking,761
96d90aa6-a75b-4a75-9565-45f6cc8c9e98,public speaking,1314
96ece45a-89e4-4cf8-b216-c860bf8e158e,food,1585
972b6e82-421f-43f6-905c-2168933de18f,animals,1846
97522e57-d9ab-4bd6-97bf-c24d952602d2,Studying,1341
985f4b4f-de40-4a4e-a090-01e100be42e9,travel,1543
98a7f6b9-8dd3-40c9-8c98-db01b6c80015,technology,1264
98d99f96-c8f9-4075-a3c8-f7aceb7e3bd2,technology,1072
990ad477-b9eb-4ea6-9ec8-3f941f53b758,animals,730
990f1598-4dbb-403c-a5b2-48de2c30b1ca,food,1123
998194db-5706-4b01-9565-7c7e7d4ea5f5,cooking,1058
99fcc8a6-550f-47a1-b312-aba8a031f6c7,travel,60
9a25d0c6-1134-41d2-abc4-e893c41363bc,science,980
9a2c328f-16aa-490c-8ca2-c7deaa90db3f,culture,1842
9a517a10-7dd2-4a30-b67a-925569d9ed84,Science,1447
9a5951a5-a36f-404e-a746-f6023c160fc0,science,1875
9b3a6d30-48e8-476c-82be-9031524bd04d,food,871
9b480f9e-cef3-46cc-8ea1-c116cded9661,public speaking,455
9bc09268-79e8-4402-ba22-ffd1e45fa66d,travel,1686
9c066976-30e0-405e-9973-5c4342271a70,tennis,666
9c542f56-b0ec-4df1-b95e-f56e1c467813,food,1653
9c55917b-055c-4ae0-b044-cce9fb89bfa9,soccer,436
9c6b0084-60ba-4e88-a0c7-ba0f61ec2c11,cooking,1465
9c8be342-6cff-4d80-bf94-fd0fd8ccd845,dogs,1266
9c8f1389-d04e-4a55-a2f5-1612539b70a7,technology,1088
9d94f180-947c-40f5-aa05-f1958759b7fc,science,1341
9ec9b340-df2d-472f-9a7f-80b4790788e6,travel,507
9ee8836d-af4b-46ad-8869-4e0b1dedff7d,tennis,1478
9ef39aa2-60f9-4e4b-b666-c6cb97015503,travel,1775
9f3fd778-5ce2-43e5-bc5e-2af9b6b12fc8,travel,1442
9f737e0a-3cdd-4d29-9d24-753f4e3be810,healthy eating,525
9fdcedb3-8e19-4755-93b2-133673d4620b,travel,112
a03b3048-776e-4925-a52e-f6b1760a1be4,education,1077
a048f504-f428-438d-bb91-f1ad562ff5f8,public speaking,200
a059c110-6fab-4a4f-9482-eaf2c269911e,food,1743
a0606e08-1798-44f5-a575-28e82f79dfe3,veganism,999
a1249a46-6362-4a73-a1e9-3b5d236cdd73,studying,1530
a168836d-7a74-41e2-a8ae-809fa556c8a0,travel,766
a1d33ddd-1a6c-4dc2-afe1-bcf632cf0ce4,food,2021
a287c7ad-f5c8-4d87-940b-b7b24e2b42ac,fitness,809
a2e93b29-9259-4092-a4d7-62d5e823bb74,public speaking,1430
a2ff9bf2-1fa6-4001-9566-f597f8e754ef,food,976
a38cf15e-6a1d-42e8-bee7-0eeb456c700b,travel,1765
a3d563e1-c7a6-4367-9195-cddc36863735,healthy eating,1474
a3e93c2d-7fb4-4881-994d-ee20ad564924,public speaking,1620
a4067fb5-3ba8-4f97-87c2-ddad5e4029c2,food,1258
a412c4fa-42c9-4bd8-a2d7-1ad1dcbe9615,dogs,744
a429d355-8983-40a4-aa2b-c3f47acd5499,veganism,429
a4f6b4c2-36bd-4232-bef8-66577a601163,animals,1869
a52f38d8-1c2e-4adc-b451-01c49f650195,healthy eating,80
a55b215b-06c5-4ef3-ac14-7e1569c3ad2e,education,117
a58c963f-1bec-4eee-b66f-60062a9dd96e,dogs,1364
a5b45b7b-dec4-4c26-9323-a3d9a8cb9d5e,animals,921
a6cace19-96eb-40b3-b6fb-2a1a4e444dde,cooking,1890
a72552ac-cad2-4707-8bc6-dea84a5ab72b,studying,179
a727ed7f-5684-4536-b543-8e8fc93f40b1,cooking,647
a739e02a-5d83-4e0e-b306-740652cf700a,science,1850
a7849ef3-5930-4ba9-9cbe-e215811e713e,studying,60
a784c1dd-e2ab-408d-a0c3-226a51d420e1,technology,1494
a7a7c909-15cb-4719-835b-cc9f835feb50,animals,1101
a8160135-2d55-4240-8f28-fbee5ec84801,studying,177
a82b8250-08aa-47a5-97c4-19f30f236179,culture,1701
a861f7e7-b2f5-4d86-966c-7503c8faaeca,animals,1140
a881e5c8-4f16-4823-85a8-c595fe220385,soccer,414
a8d3e5b8-7838-477c-82ce-4c90029e56ce,public speaking,1696
a8e72f75-bebc-42b4-a3c7-deb8a2412878,technology,1342
a973290c-989a-44d2-afb9-9b4bf16cc17f,tennis,252
aa1f824d-9df0-4b4c-a49e-0cfb7e244122,public speaking,1411
aa6c9668-7455-4a4c-9915-f7d4cb56c8c6,animals,849
aa9ea032-0fea-42c3-88d9-666685d4b32b,veganism,184
aad272f0-2b16-478b-b2c5-c502b060fc30,dogs,626
aafa015b-7447-421e-91bb-b64720402d9e,cooking,779
ab07c995-56e6-462c-9325-bd4a2ffd8c39,tennis,1089
ab4c4756-1c50-4136-bad9-3216e01ffac2,fitness,1027
abae4f43-2356-4c6b-b51d-d2acf4644956,fitness,785
abecd821-ad3d-43b0-a550-aadd9d267072,tennis,809
abf9ec3b-1d0f-4238-a8f8-137072dab287,veganism,1584
ac120787-f331-497f-8733-7cd63dfd36b6,culture,1139
ac1c59df-2803-4cf4-8ec0-fe6bd1f9ea44,soccer,1657
ac63258d-9d7d-4167-934e-48b3f3c43fa9,tennis,1270
ad5ddd13-b8ea-4174-ad71-da1663c7f959,Technology,217
ad8bc9be-50a3-491a-b240-49b8f573238e,soccer,1377
ae87a6a3-1a9e-4323-981d-b63c1f8ca2a6,food,546
ae909545-786e-4089-9ef3-61c3c9fd3efd,education,75
aeff2a7a-2cc8-407a-8557-fa4e96b2425a,tennis,15
af373863-f9df-4330-b423-d2b802b30d6e,food,1201
af6c5966-dfe7-460b-9853-62ed9f18aed4,technology,1767
af7971aa-5fd5-41d3-b6c3-583704a705a2,healthy eating,1831
af8ab833-e28c-4451-b7f6-83f3953d556b,dogs,190
afe1fed5-5639-45c7-89f8-ce9d1078c910,cooking,1076
b014a42b-c469-4c26-b4aa-256f4d3d5072,culture,571
b0782637-2604-40f7-8fc6-5e7d9ffd2255,cooking,774
b07a2298-7c03-49b3-a0a6-c65333847598,culture,667
b0cad7dc-6333-4160-8e7f-425182eb4e29,dogs,1311
b0dd04df-83a1-470f-80ad-bb173a5e44bc,cooking,1607
b0fbee80-d1fe-4be5-9a32-47f61e395669,dogs,652
b13bec8c-4469-4cc8-8650-7057eb95d3ee,travel,1275
b15792cb-995f-473e-8372-5cbe88eb059b,travel,1217
b18cb63f-4c8e-44ee-a47f-541e95191d11,public speaking,1697
b1c49557-0623-4fb2-8f22-1453286fedad,healthy eating,1718
b2055111-9b7b-4a05-9f07-ac190a5391f0,Food,1541
b2344491-76af-4b2c-b569-e9af85298b30,culture,1059
b23a874f-72fa-4abb-9ca5-941850c672bc,healthy eating,740
b27bfcfe-64df-499e-b60f-f93d2200c589,Soccer,1414
b2a20047-ac6f-4caa-90b1-fe735433e362,culture,1107
b3562ae0-929b-46a5-8989-89e4ac3d1f7c,public speaking,1742
b38723f3-878c-4308-b173-14f03639d9b8,travel,1390
b3b384bf-3a17-4ccb-ba86-583dede8fe3c,education,961
b3bcbff0-d160-4fbc-b3c6-8113ceb38056,science,1432
b3c0379a-b71a-4f6f-9fde-ceb636739633,culture,1322
b400ea0c-43f0-4307-a3b2-78e5784d69be,fitness,340
b467bf5d-1bcd-4c52-a667-6b88269ad02a,dogs,529
b47f0569-8d01-4ac4-a4ed-0fcc94cb96fc,studying,1728
b4871080-6bb7-4056-82a9-d8015d7b76e8,education,335
b4c71928-99f0-4f1e-bdff-3d99c16113ac,travel,1396
b4cef9ef-627b-41d7-a051-5961b0204ebb,public speaking,125
b4d8b8ed-d538-49d2-a1cb-25548045bcf1,healthy eating,1429
b50871e0-183e-4a1d-884b-f20fb271041b,cooking,888
b529487b-160b-48cd-aacc-2741b18462c6,studying,1106
b56a9e24-d0f2-4599-b893-c2889a15e1d6,veganism,1524
b5966298-63d8-403e-96ab-9a610eb9752d,Soccer,245
b62831cc-7447-465b-9c58-1fc659b17310,animals,2067
b6393b8b-320e-4558-8614-20a6727f2eea,food,1570
b6c24086-becf-4615-801e-c3c298a8d4e2,travel,1477
b6ecb09e-a706-4589-bb75-70cb1cc590eb,culture,827
b6f447e5-0a89-468a-8ad2-fd45676170d5,veganism,1907
b70813e7-8acd-462a-9b13-6d1258030fed,animals,140
b7983f99-c4c7-455b-a120-b144101449ad,dogs,997
b7a5e38b-b990-4b8e-aaac-6cc9ee77f3d9,cooking,35
b814490f-ff17-4f98-8fb0-cade9c2d8e61,culture,265
b81f446e-be9b-4fff-8faf-7732c6306c75,cooking,1325
b8368fca-8fe3-4768-beed-5056cff63c23,technology,1448
b85e1b0d-1018-4a65-a709-4ac5323e06d9,fitness,733
b90bb1f2-9dbf-4802-a0e2-103dac50d272,fitness,1098
b9b0dcaa-7b39-4b15-9f75-165ae7aac6b8,animals,1225
b9bfb48f-a6b6-4c15-869a-1acceea04fca,soccer,1251
b9ff65d6-b79a-4f9b-8745-10088ddf9934,animals,1338
ba9ce407-672c-4ceb-9c1f-59590fd187d0,fitness,512
baa2db00-81ba-4c34-b17d-dd950bfa133b,soccer,1164
baadf2d9-ab5b-458d-a3cf-37c39a69be50,technology,1767
bac28166-5b8d-4f5d-88da-8c8f9a1c3f5b,food,2138
baf5959e-204c-4acc-838c-87617e79f448,fitness,65
bb157107-088c-45aa-8d16-5c093a7471c6,culture,788
bb3901bd-a3d9-4f45-8b0c-0548c36385d2,fitness,978
bb6c0257-5d4d-4bb8-be58-4bd7ebd9c337,animals,1086
bb9dcde7-55bb-4fb8-b349-caa58fb08823,healthy eating,1740
bc06bab7-dbf7-4d7a-81b4-9f76f2f0b87c,culture,1978
bc1f22da-d7b2-49d8-a6f1-1132776b4b18,culture,1538
bc604b62-adbc-4c93-a2ae-602160714d1c,cooking,1185
bc8024c3-c51e-4875-b8df-419e9848f492,veganism,1129
bc9cc9ed-3e90-4fef-a1e8-d54b31e88f30,healthy eating,1010
bcd3702f-c27e-48ce-889b-63f765f498ef,education,1554
bceb7f2d-6afe-45fc-88b1-4d4c8f597cf8,technology,594
bd656a40-09c1-4219-8210-e667136e3734,culture,1567
bd810ca4-54cf-420e-afec-0214b870672e,technology,92
bda0b065-7f8b-4d52-b7e9-fcc375cdab08,travel,1078
be85274a-28f1-4c6d-9ea1-7b20d1e0c66f,culture,1114
bea01dba-56f4-4d26-82a1-9b13fb382d89,dogs,862
bead7e6d-0e1f-489d-81b2-d006a67b5b33,science,1129
bf8e2e7a-7a90-47f8-8dd6-01f8c6aa32ed,science,387
bfa4e11c-9d72-49b9-bd43-49d95c2e5181,veganism,477
bfc26d2d-b5e5-415a-b104-64befef2f52a,food,1318
bfeb6117-9179-469d-9ea8-8f41a251a5fc,fitness,1382
c01fa154-5348-4040-9d20-0bbf01f6349b,tennis,1284
c056339f-7bc9-487a-85eb-aa7c6da9e5fb,veganism,1392
c0ea9b69-639e-42fe-8aa5-67f46036a17c,animals,312
c136ae25-d882-4e2c-b515-5727ad2626a5,soccer,1828
c13e7406-c610-4721-b80d-2b5ad533e90a,cooking,694
c2373565-f5f1-415f-9786-49ff558c7739,soccer,290
c24a56ff-256e-46eb-9936-a6284451fc61,studying,1102
c24f4499-faae-4ff0-baf1-4be6a9061aa1,animals,653
c2640cbb-d9d4-424e-9ef5-a4c972ea2f09,travel,1371
c2d6e707-f00e-4fa4-a193-eb36272f58df,veganism,709
c2fbcf27-369b-4385-925a-ca2eca1403c1,culture,1005
c323d478-30a2-4140-a2ba-935a37b2ec10,cooking,487
c39f187c-932b-4403-ba6f-e081b235dbd4,travel,958
c3d1c36d-2ad9-45ce-be49-51c103351e62,travel,1216
c48d7966-42f3-43a6-a0b7-0a2260ffa125,culture,454
c4cc899d-4c35-47fd-9710-8e2dea9782c9,science,1633
c4f59a1e-3198-4968-b062-9e9fcc41403f,veganism,85
c54b49c4-b1f2-4641-8595-1cbd19937845,science,1450
c582f515-4d90-4ae6-9ab7-059fdbd7956c,technology,1093
c59e27e9-0439-4699-8ea0-5e93f662a05d,fitness,72
c5e2d733-94b9-4259-85e8-6fb7a95a1887,tennis,1426
c61b7ef6-d7ab-41fc-aebc-dc16f256957f,cooking,1336
c63235b6-aad7-42ff-96ba-978e47a6c5fc,tennis,460
c6616e7c-f815-46d0-9b1d-d7ea977f5d32,technology,1169
c6cbd704-9d4a-4ace-b61e-e5df74ee83af,education,603
c6f6e0f3-9fae-4bf9-abb3-cd7248a51061,culture,845
c7066a17-2e12-49d2-bb9e-c8967051f490,public speaking,1160
c75dfa33-cd71-486f-b4e1-f5e9133ae873,veganism,1068
c7b02507-18a2-4169-91f1-4fc727c8bc03,dogs,1844
c82d3a99-3d11-407d-9648-9f9560f40d7f,travel,354
c84f903e-32ae-4ce1-b66b-d876439fccf5,healthy eating,1358
c892a472-bf81-4946-83c0-d3697ba65b95,soccer,1195
c8b044a9-8427-4b41-bc61-7b549ab1626c,studying,546
c9082d3b-6f2b-4057-a0b8-3538a247982a,healthy eating,352
c9ab41d2-5728-4d94-b16a-1e9b7af9b21d,veganism,1039
c9b2829f-278c-4acd-a895-cf0bd337d36f,fitness,1703
cab37e79-0e76-4bd2-b6bd-2fc8bf66ca99,animals,1199
cad4858d-77e5-47f8-a6b9-4ce2971d8656,cooking,265
cad48d10-3ad3-4bf0-bee5-330783eb8532,soccer,552
cafddd25-5653-4219-8dc7-a3eae45ea926,fitness,1529
cb0bd265-610e-4d5f-bc00-1732f58562dc,science,621
cb14a57b-9a8e-4694-9516-5a7d2ec41438,soccer,535
cb807d6e-079e-417e-adfc-759df6eddfa2,veganism,370
cba3c646-6b10-43fe-a1af-a0276815288f,travel,210
cbf66fdd-cd86-4517-8081-181e45f13823,science,1171
cc253c91-6df6-4de5-ab4e-6d1127620fd6,science,1585
cd568dd1-70cf-45d6-b495-10eebff8c920,dogs,2222
cda6a453-27bf-4237-b848-b27706732716,soccer,1157
ceba816b-72ea-4682-8795-8569a46bb1d6,dogs,150
cebae43b-4f77-4689-86e0-66fb107d5eef,culture,1768
cf1e8c1a-23eb-4426-9f58-002fb1b53e91,cooking,888
d029d393-b80b-4a56-9450-7645ee42da07,healthy eating,1281
d03efe68-5986-48c4-8767-93b8f5881004,animals,1407
d05568a5-a7bf-4235-9b63-1e2233adf9a8,technology,752
d0c1d7f4-7735-49a9-ab6b-2cdb2338a609,travel,1538
d0e55134-c60e-4a05-999c-d7697b4901f0,cooking,1326
d0f8e229-c57e-460c-a08f-59672c606151,soccer,895
d147ab3c-4097-4eec-b4dc-480e4ece801b,culture,90
d16d21cd-30c7-4b1e-b50c-aff5808fe816,fitness,806
d200b97e-f661-4502-80d1-1e458816d558,science,1117
d288a4cb-6361-4d4b-925f-a0bf2e3350ec,technology,859
d347afb6-c092-4301-ba7d-4c59d10142cb,tennis,1658
d374af60-1487-4ee4-ac6a-fcc59ae6ea45,dogs,531
d39b0a7e-ce14-4ad4-aa9f-5aefc827f9e6,veganism,759
d3cc1365-2267-4b4a-8a06-40065d7ae0c9,public speaking,95
d3cc4cf1-81f9-49e7-bf5d-c0ae10a88139,culture,2006
d4012724-c8bf-4db3-8670-dfa1f630a72a,studying,1826
d4813cf8-87d5-421e-81f7-c5d43c25c62a,technology,1078
d539c60f-9967-44b0-a11e-26d5dfa43884,fitness,1258
d5ec7de3-8c02-4f17-a9f0-dc8a9e64fa1a,soccer,284
d61c4f76-99c6-4cd7-aaad-b3561880aa26,technology,1258
d624685f-99a7-4aee-902b-283f5cf85ada,studying,1633
d6c98c19-5733-47fd-9b03-e4574fbe4220,travel,205
d6d4ec49-4210-44de-9f90-c93dfbeed084,tennis,1235
d706b190-216c-4103-9107-fb7304766d68,cooking,1951
d70f66c4-627a-4416-b1ad-51b5ccc8cf1d,healthy eating,1359
d72ea14e-16fb-4e2d-acf1-59a29dfa21df,public speaking,657
d75016e9-9817-47e7-a2f9-dbfae392d3d6,culture,189
d826807d-be79-402e-a55a-baf08df8212d,science,35
d852b946-01e1-44fe-abd7-26198660cbdb,food,522
d86a1ec9-a883-44f8-b1ad-2a182c741fe7,public speaking,464
d90a34f1-60ed-4a79-b7bf-fd22efa12e4c,travel,1461
d95a7e4c-d504-4cba-9bcc-4c4b1bfb06d0,technology,1201
da527dd0-4b7d-40a2-9fc6-89ef7c91fd87,culture,1146
da8f7258-6757-4a7e-892e-a16b925ef83b,cooking,1539
daab7b1a-fc8d-473e-bbf3-b29f4185ae56,science,597
daeddfcc-c030-4674-8317-56a23ab81799,animals,1566
db672f6f-2f5b-47bd-aed6-bfc22188de4d,soccer,285
dc1d4628-4edc-47c2-8da7-0b3d16ef5ddf,technology,1369
dc78a872-9057-4a8e-9a25-a1c407c1b7c9,culture,412
dcaa5091-1246-4d3c-aed8-dcd8e1da69cc,science,1717
dd2f8912-9b97-40cb-ac5f-215f98d4d733,fitness,754
dd5bd710-bb81-464e-a798-0291b385e883,healthy eating,1453
dd7069e3-d0ad-4599-b159-032267fd5008,public speaking,850
dd942c3f-2ed5-4849-9e2b-7484f5a4eaf4,culture,185
de61a447-bbf0-477e-9743-71031d59bbf8,studying,1765
de95cdb1-a85a-40de-8467-892e2d1481af,education,1820
de9796a6-d19d-4c41-a965-7aa4dcc69fee,technology,1525
def0559c-73c2-48f9-b85d-0c807659207f,animals,262
df06cdab-afc8-4965-9b10-c270b0cafedf,animals,687
df15da28-c038-4d0c-a63a-eac77f650ee3,tennis,1530
df2214cb-61f3-4744-86a8-7c01e501bc27,cooking,991
df6e9952-4e2a-488a-bb83-3a7241f30e6f,culture,1695
dfaed54d-123d-46c6-8a86-dd11c30e4ca3,fitness,537
dfdf6d34-e60b-4d21-9973-4bf07769be78,public speaking,1289
e0c5ae74-b379-4d34-a7ae-824daea8d682,Soccer,972
e0cb0394-c5b2-447a-a9f4-88604a3ec283,public speaking,1351
e0fe9c2b-0e5f-46b3-bb4a-f68bf569e867,science,611
e1792fe6-28e0-49fc-8b01-0e027461d8b5,technology,1423
e17bade2-3175-49eb-92f4-7f2eac74147a,soccer,1121
e18e10e9-ed2a-494b-b215-edce890b1df4,food,262
e1b4a0fe-5069-4765-8170-ef44ab8f102c,tennis,1073
e1da66ba-31f3-46af-aaa3-a183e3e7eb56,veganism,454
e1eb9e92-2e08-48b0-8be7-a2a98048aa08,public speaking,979
e1eca98c-c5fd-4fe4-825f-2d36e8bd56f1,veganism,1306
e221de96-8536-4782-8281-f9cda62f3c81,food,684
e2c433d2-096e-484e-8c69-28f0bb69f3b7,science,1717
e3107f22-f36a-4d88-9fca-1b842e141db8,food,87
e3bb5693-091c-47de-b4b7-78e28b5fbb98,education,1429
e3bfdd7e-d7e2-4717-b780-2fa14f3cf858,dogs,1638
e3c37598-5a41-471c-a65b-e0e1bef2f3ec,tennis,828
e3cd0095-28c9-4f10-b04c-77b4e38bb85a,technology,445
e409d5be-a02d-4688-9869-eb940fe1e133,public speaking,207
e4127cae-c2e9-4321-919a-be6d11636808,science,506
e4306fd4-391c-4016-8b5f-98594bb647a0,healthy eating,590
e442899c-d2d6-4392-be2d-a0b916ae47fb,technology,841
e4466189-0b96-4cc4-9d7d-d0f27b982548,education,842
e4487829-621f-4265-8665-42a4c0610745,food,50
e4827a5c-c604-4aad-b7ed-b396b3601b74,education,903
e4fd43f5-c0cb-47cd-bc41-1e07a8081323,soccer,625
e51b00b8-49d4-4909-9f25-8e9a06e28728,soccer,715
e5490118-90d5-4572-ab1c-1fbc87b8d9ca,technology,217
e57d3bd7-da38-492d-a87d-3a643f61fd9c,education,1231
e5f1a4c6-2b27-4c8b-ac9a-21bb6ef7c946,soccer,70
e611ee64-7ada-428d-aa37-94c8c0782a91,cooking,1541
e6193423-0d30-4439-884a-ea22fea68522,dogs,712
e61a1b04-17e4-4918-a637-ebfc59783ad0,fitness,2012
e6b61eab-6879-4618-b189-476f27f02fdd,science,986
e6c8f317-c8a9-4b1d-941a-4cd5420a138b,science,1433
e6ee2244-9382-49a9-8cbf-fa54aaaa2392,travel,45
e75a100d-18a9-47a5-9554-1843ed350dc9,cooking,30
e7baa303-bc5c-4990-b813-e16fc42342d3,science,305
e8d62710-7e3a-4bef-b6da-edaaed70c401,healthy eating,1609
e8edf506-36c9-43a7-a685-8b9f6467e4f9,studying,400
e949f4c9-81b0-44dd-8a69-0c233134bccd,culture,742
e96d9fcb-b5be-4382-b809-6315dbe6f89a,tennis,1279
ea1afba2-c0a8-4d0f-ac64-91fd7a126bbc,healthy eating,1135
eaddee3e-3a23-47cd-9785-ab7f2120a293,science,1302
eb6fc324-f85b-4bfb-b712-0a3eceb0b9d7,soccer,245
ebdf5d36-9ecc-44d7-b641-d33805709452,cooking,1359
ebdf9868-075e-4fca-a3de-ef7b2cd8f7a1,education,1188
ec202582-a5b2-4ea2-992c-8a1ca8b705d0,food,1262
ec69ad7c-c57b-4d10-ad0f-930ff10bf687,science,796
ec6c41c9-509e-43ff-83bb-0e5202b8e62a,education,1344
ec8e2d25-5730-4753-a0a2-d1ed41e23623,healthy eating,1116
ec9a2001-b58d-4a7a-86a5-f7ff637f0fe8,travel,819
ecbba40a-93f2-470a-b565-938f61f527a7,public speaking,636
ed00f2a0-56a1-41f9-abad-bdcec9c0f610,public speaking,482
ed28489e-90b0-4daa-a1fa-22170cdc89d5,veganism,1496
edc4a60a-b5ba-4178-b99e-9d34ed92599c,technology,2068
edea43f3-1541-4e42-8419-d1cdf749025c,cooking,1226
ee0988ef-8656-4a63-9515-a2533b772636,travel,401
ee18c383-1e7a-4507-9e78-1061da09143a,education,1377
ee631766-3818-4de6-897f-2355542b58e7,public speaking,317
eec5dae8-e4d0-4b15-80a9-ac55352cb5ca,cooking,1506
eec5e521-4c28-4e8a-93a9-d544803fad7e,food,1338
ef1ed168-7433-4233-ade8-95070d70a382,travel,532
ef619e47-1e88-4e0f-8d91-590cd9ecc137,animals,761
ef802d01-6269-4d21-9159-f1386c75e789,technology,305
ef99fd68-74fb-4c72-bc70-742ebca14499,soccer,1651
efda0319-e547-484a-84b5-c5041a57502c,dogs,1527
efffd88f-7ddb-4579-bbf2-e3d248c122b4,tennis,862
f01ec49c-3179-43bb-b127-2b1a73f34b06,animals,1011
f08bdab2-b888-484e-8fd9-919e6ed86c12,education,2094
f0a10ef0-89c7-46b0-828a-e9eec53a8cbe,education,829
f0c6ae88-c87e-4812-9713-ae45018a1f73,science,849
f0d1b3ed-f1dd-4a09-b17a-b0f241932fbb,studying,1717
f0eb58d4-5e4e-4dd6-bbd9-853492b2e45a,tennis,330
f1038e6c-5292-4e20-a866-675e1637d6b5,soccer,1548
f1836624-ac23-4c4c-a868-ebf3256d6e80,cooking,407
f2143553-d9cd-4d8d-8276-98557a0054af,cooking,567
f24f469f-53f1-4901-b6c5-18827ae0a103,culture,1066
f298ed7d-2aa2-4231-9523-c4013cef24c3,veganism,210
f2f7e343-5e8f-4ef3-b693-4261971c2ee7,tennis,758
f332d362-dc48-46c2-a64b-641157c0987e,soccer,212
f361cc99-64f0-4a7c-ad49-945ff01abaa6,dogs,1694
f3e8d168-6fb9-48b9-8347-b35595162c1d,soccer,697
f3e9785c-d4e0-4258-a876-4d58ddb38790,studying,1884
f43114af-edb4-4629-bc15-7a483cf3eaf4,technology,135
f47074e8-5189-44ac-82f8-4309d63650b4,culture,140
f4c8e6bb-e282-41f3-a000-bbabae7dbf04,technology,372
f4e3840e-bb71-40c2-afc5-9408d842646d,healthy eating,1209
f5068d8a-d4ba-49ee-8f30-716c1ec57e04,tennis,1263
f5d6cb3a-923b-45fb-857a-7250b679625e,travel,160
f6055aa8-0c90-4e92-a8a6-7d046f35acd4,animals,339
f65dbde9-c8dc-4851-927e-964fa2e0908a,education,1201
f663d05c-74ce-424b-89f2-58009b0095fb,public speaking,449
f6c9e663-620c-4d18-9494-7eea83fbf4b7,animals,825
f6fed2d9-0e25-48b8-bb76-f7cb0667553a,soccer,57
f783f128-6f66-4ef3-a190-5afc29d17012,tennis,1266
f7b57d86-228b-4777-be51-dde8702f7b4c,cooking,1804
f7c26d94-b7c6-45a0-b882-354d8d89c2af,science,207
f8119ef8-1f00-49e4-b468-86dd64042053,culture,1723
f86dae91-1330-45cc-8353-32839ea82ba6,tennis,199
f98dde71-ce1d-4f6c-bb05-ae05779d2207,soccer,1331
f9c0a47d-c96d-4457-a1be-aa7642ea38c1,culture,1297
f9e9544e-16b5-416f-9aec-80a723d1e64c,culture,1152
fa337cb5-179a-4f92-a085-e6b3c60e2854,food,1162
fa39acec-96b1-441d-8f85-16dfb44bdfba,culture,1449
fa3a6a40-59db-4027-b8ee-89c79ecbee7f,cooking,699
fa60edda-2d32-42ab-905d-2f5de379c461,fitness,320
fa781e01-b928-401f-86f4-d42b0a3b55ab,studying,270
fada6910-2cc5-4600-808c-1e6066f795a6,technology,761
fbd3e09c-b5a3-4e6d-bb3c-c729d54c5f3b,soccer,865
fbd8f70d-d62d-42e8-9508-9f5815ab578c,education,1915
fc346df4-d165-4ed0-8d43-a6896daf908e,public speaking,1173
fc462e49-0f19-4601-9f92-a31c9542887c,education,1794
fd060448-7b3e-4626-b3ca-44bfe764e26f,cooking,1443
fd0a3090-6b89-4c4e-9192-1aa4db213a3e,cooking,1634
fdca8d15-966b-4825-8133-1fafc5c1f9fc,dogs,1198
fe06b730-b1f8-4f55-af1a-52487d8f1ec6,animals,1039
fea8d77c-fd0b-4678-868f-fbae567642f3,science,287
fea9077f-2fe7-43bd-aaef-dc2619988d94,culture,200
ff883828-a610-492d-8635-8a777eaad25f,education,1802
